AIRLINE,AIRCRAFT,FLIGHT_DURATION,MONTH,INTERNATIONAL,SEATS_ECONOMY,SEATS_PREMIUM,PITCH_ECONOMY,PITCH_PREMIUM,WIDTH_ECONOMY,WIDTH_PREMIUM,PRICE_ECONOMY,PRICE_PREMIUM,PRICE_RELATIVE,N,LAMBDA,QUALITY
AirFrance,0,6.91,2,1,216,24,32,38,17,19,648,1710,1.64,240,0.1,6
AirFrance,0,6.91,3,1,216,24,32,38,17,19,648,1710,1.64,240,0.1,6
AirFrance,1,9.5,3,1,147,21,32,38,18,19,630,1611,1.56,168,0.13,6
AirFrance,0,6.91,1,1,216,24,32,38,17,19,700,1710,1.44,240,0.1,6
AirFrance,1,9.5,2,1,147,21,32,38,18,19,743,1611,1.17,168,0.13,6
AirFrance,1,13,2,1,389,38,32,38,18,19,1522,3289,1.16,427,0.09,6
AirFrance,1,13,3,1,389,38,32,38,18,19,1522,3289,1.16,427,0.09,6
AirFrance,1,9.5,1,1,147,21,32,38,18,19,990,1611,0.63,168,0.13,6
AirFrance,0,6.91,0,1,216,24,32,38,17,19,1094,1710,0.56,240,0.1,6
AirFrance,0,8.33,1,1,200,28,32,38,17,19,2918,3972,0.36,228,0.12,6
AirFrance,0,8.33,2,1,200,28,32,38,17,19,2918,3972,0.36,228,0.12,6
AirFrance,0,8.33,3,1,200,28,32,38,17,19,2918,3972,0.36,228,0.12,6
AirFrance,1,8.33,0,1,147,21,32,38,18,19,2659,2859,0.08,168,0.13,6
AirFrance,1,8.33,1,1,147,21,32,38,18,19,2659,2859,0.08,168,0.13,6
AirFrance,1,8.33,2,1,147,21,32,38,18,19,2659,2859,0.08,168,0.13,6
AirFrance,1,8.33,3,1,147,21,32,38,18,19,2659,2859,0.08,168,0.13,6
AirFrance,1,8.33,0,1,147,21,32,38,18,19,2659,2859,0.08,168,0.13,6
AirFrance,1,8.33,1,1,147,21,32,38,18,19,2659,2859,0.08,168,0.13,6
AirFrance,1,8.33,2,1,147,21,32,38,18,19,2659,2859,0.08,168,0.13,6
AirFrance,1,8.33,3,1,147,21,32,38,18,19,2659,2859,0.08,168,0.13,6
AirFrance,1,7.33,1,1,147,21,32,38,18,19,2607,2807,0.08,168,0.13,6
AirFrance,1,7.33,2,1,147,21,32,38,18,19,2607,2807,0.08,168,0.13,6
AirFrance,1,7.33,3,1,147,21,32,38,18,19,2607,2807,0.08,168,0.13,6
AirFrance,1,7.5,1,1,389,38,32,38,18,19,2581,2781,0.08,427,0.09,6
AirFrance,1,7.5,2,1,389,38,32,38,18,19,2581,2781,0.08,427,0.09,6
AirFrance,0,7.5,3,1,200,28,32,38,17,19,2581,2781,0.08,228,0.12,6
AirFrance,1,6.83,2,1,147,21,32,38,18,19,2860,3063,0.07,168,0.13,6
AirFrance,1,6.83,3,1,147,21,32,38,18,19,2860,3063,0.07,168,0.13,6
AirFrance,0,6.83,1,1,200,28,32,38,17,19,2860,3063,0.07,228,0.12,6
AirFrance,0,8.75,0,1,200,28,32,38,17,19,3026,3226,0.07,228,0.12,6
AirFrance,0,8.75,1,1,200,28,32,38,17,19,3026,3226,0.07,228,0.12,6
AirFrance,0,8.75,2,1,200,28,32,38,17,19,3026,3226,0.07,228,0.12,6
AirFrance,0,10.66,1,1,389,38,32,38,18,19,2996,3196,0.07,427,0.09,6
AirFrance,0,10.66,2,1,389,38,32,38,18,19,2996,3196,0.07,427,0.09,6
AirFrance,0,10.66,3,1,389,38,32,38,18,19,2996,3196,0.07,427,0.09,6
AirFrance,1,8.91,1,1,147,21,32,38,18,19,2609,2787,0.07,168,0.13,6
AirFrance,1,8.91,2,1,147,21,32,38,18,19,2609,2787,0.07,168,0.13,6
AirFrance,1,8.91,3,1,147,21,32,38,18,19,2609,2787,0.07,168,0.13,6
AirFrance,0,7.66,1,1,200,28,32,38,17,19,3057,3167,0.04,228,0.12,6
AirFrance,0,6.83,2,1,200,28,32,38,17,19,3057,3167,0.04,228,0.12,6
AirFrance,0,6.83,3,1,200,28,32,38,17,19,3057,3167,0.04,228,0.12,6
AirFrance,1,8.41,0,1,389,38,32,38,18,19,2979,3088,0.04,427,0.09,6
AirFrance,1,8.5,1,1,389,38,32,38,18,19,2979,3088,0.04,427,0.09,6
AirFrance,1,8.5,2,1,389,38,32,38,18,19,2979,3088,0.04,427,0.09,6
AirFrance,0,8.5,3,1,389,38,32,38,18,19,2979,3088,0.04,427,0.09,6
AirFrance,1,8.08,2,1,147,21,32,38,18,19,2813,2922,0.04,168,0.13,6
AirFrance,0,9.5,0,1,200,28,32,38,17,19,3414,3524,0.03,228,0.12,6
AirFrance,0,9.5,1,1,200,28,32,38,17,19,3414,3524,0.03,228,0.12,6
AirFrance,0,9.5,2,1,200,28,32,38,17,19,3414,3524,0.03,228,0.12,6
AirFrance,0,9.5,3,1,200,28,32,38,17,19,3414,3524,0.03,228,0.12,6
AirFrance,0,7.75,0,1,174,24,32,38,17,19,3215,3325,0.03,198,0.12,6
AirFrance,0,7.75,1,1,174,24,32,38,17,19,3215,3325,0.03,198,0.12,6
AirFrance,0,7.75,2,1,174,24,32,38,17,19,3215,3325,0.03,198,0.12,6
AirFrance,0,7.83,3,1,174,24,32,38,17,19,3215,3325,0.03,198,0.12,6
AirFrance,1,9.18,0,1,147,21,32,38,18,19,3165,3275,0.03,168,0.13,6
AirFrance,1,9.18,1,1,147,21,32,38,18,19,3165,3275,0.03,168,0.13,6
AirFrance,1,9.25,2,1,147,21,32,38,18,19,3165,3275,0.03,168,0.13,6
AirFrance,1,9.25,3,1,147,21,32,38,18,19,3165,3275,0.03,168,0.13,6
AirFrance,1,9.16,0,1,147,21,32,38,18,19,3165,3275,0.03,168,0.13,6
AirFrance,1,9.16,1,1,147,21,32,38,18,19,3165,3275,0.03,168,0.13,6
AirFrance,1,9.25,2,1,147,21,32,38,18,19,3165,3275,0.03,168,0.13,6
AirFrance,1,9.25,3,1,147,21,32,38,18,19,3165,3275,0.03,168,0.13,6
AirFrance,0,9.41,1,1,200,28,32,38,17,19,3480,3589,0.03,228,0.12,6
AirFrance,0,9.41,2,1,200,28,32,38,17,19,3480,3589,0.03,228,0.12,6
AirFrance,0,9.41,3,1,200,28,32,38,17,19,3480,3589,0.03,228,0.12,6
AirFrance,0,11.75,0,1,174,24,32,38,17,19,3593,3702,0.03,198,0.12,6
AirFrance,0,11.75,1,1,174,24,32,38,17,19,3593,3702,0.03,198,0.12,6
AirFrance,0,11.5,2,1,389,38,32,38,18,19,3593,3702,0.03,427,0.09,6
AirFrance,0,11.5,3,1,389,38,32,38,18,19,3593,3702,0.03,427,0.09,6
AirFrance,0,11.91,0,1,200,28,32,38,17,19,3159,3243,0.03,228,0.12,6
AirFrance,0,11.91,1,1,200,28,32,38,17,19,3159,3243,0.03,228,0.12,6
AirFrance,0,11.91,2,1,200,28,32,38,17,19,3159,3243,0.03,228,0.12,6
AirFrance,0,11.91,3,1,200,28,32,38,17,19,3159,3243,0.03,228,0.12,6
AirFrance,1,13,0,1,389,38,32,38,18,19,3220,3289,0.02,427,0.09,6
British,0,13.83,1,1,203,24,31,38,18,19,3102,7414,1.39,227,0.11,7
British,0,13.83,2,1,203,24,31,38,18,19,3102,7414,1.39,227,0.11,7
British,0,13.83,3,1,203,24,31,38,18,19,3102,7414,1.39,227,0.11,7
British,0,12.25,0,1,122,40,31,38,18,19,2707,3725,0.38,162,0.25,7
British,0,12.25,1,1,122,40,31,38,18,19,2707,3725,0.38,162,0.25,7
British,0,12.25,2,1,122,40,31,38,18,19,2707,3725,0.38,162,0.25,7
British,0,12.25,3,1,122,40,31,38,18,19,2707,3725,0.38,162,0.25,7
British,1,11.16,0,1,303,55,31,38,18,19,2384,3563,0.49,358,0.15,7
British,1,11.16,1,1,303,55,31,38,18,19,2384,3563,0.49,358,0.15,7
British,1,11.16,2,1,303,55,31,38,18,19,2384,3563,0.49,358,0.15,7
British,1,11.16,3,1,303,55,31,38,18,19,2384,3563,0.49,358,0.15,7
British,1,10.5,0,1,303,55,31,38,18,19,1848,3536,0.91,358,0.15,7
British,1,10.5,1,1,303,55,31,38,18,19,1848,3536,0.91,358,0.15,7
British,1,10.5,2,1,303,55,31,38,18,19,1848,3536,0.91,358,0.15,7
British,1,10.5,3,1,303,55,31,38,18,19,1848,3536,0.91,358,0.15,7
British,0,10.41,1,1,243,36,31,38,18,19,1651,3509,1.13,279,0.13,7
British,0,10.41,3,1,243,36,31,38,18,19,1651,3509,1.13,279,0.13,7
British,0,10.41,2,1,243,36,31,38,18,19,2775,3509,0.26,279,0.13,7
British,0,11,1,1,243,36,31,38,18,19,2230,3227,0.45,279,0.13,7
British,0,11,2,1,243,36,31,38,18,19,2230,3227,0.45,279,0.13,7
British,0,11,3,1,243,36,31,38,18,19,2230,3227,0.45,279,0.13,7
British,0,9.91,0,1,243,36,31,38,18,19,2356,3200,0.36,279,0.13,7
British,0,9.91,1,1,243,36,31,38,18,19,2356,3200,0.36,279,0.13,7
British,0,9.91,2,1,243,36,31,38,18,19,2356,3200,0.36,279,0.13,7
British,0,9.91,3,1,243,36,31,38,18,19,2356,3200,0.36,279,0.13,7
British,0,8.58,1,1,243,36,31,38,18,19,1562,3099,0.98,279,0.13,7
British,0,8.58,2,1,243,36,31,38,18,19,1562,3099,0.98,279,0.13,7
British,0,8.58,3,1,243,36,31,38,18,19,1562,3099,0.98,279,0.13,7
British,0,11.41,0,1,243,36,31,38,18,19,2281,3025,0.33,279,0.13,7
British,0,11.41,1,1,243,36,31,38,18,19,2281,3025,0.33,279,0.13,7
British,0,11.41,2,1,243,36,31,38,18,19,2281,3025,0.33,279,0.13,7
British,0,11.41,3,1,243,36,31,38,18,19,2281,3025,0.33,279,0.13,7
British,0,8.16,1,1,122,40,31,38,18,19,1793,2999,0.67,162,0.25,7
British,0,8.16,2,1,122,40,31,38,18,19,1793,2999,0.67,162,0.25,7
British,0,8.16,3,1,122,40,31,38,18,19,1793,2999,0.67,162,0.25,7
British,0,6.5,1,1,122,40,31,38,18,19,1476,2997,1.03,162,0.25,7
British,0,6.5,2,1,122,40,31,38,18,19,1476,2997,1.03,162,0.25,7
British,0,6.5,3,1,127,39,31,38,18,19,1476,2997,1.03,166,0.23,7
British,0,11.5,2,1,122,40,31,38,18,19,1705,2989,0.75,162,0.25,7
British,0,11.5,3,1,122,40,31,38,18,19,1705,2989,0.75,162,0.25,7
British,0,11.5,1,1,122,40,31,38,18,19,1911,2989,0.56,162,0.25,7
British,0,11.5,0,1,122,40,31,38,18,19,2378,2989,0.26,162,0.25,7
British,0,6.83,0,1,243,56,31,38,18,19,1444,2982,1.07,299,0.19,7
British,0,6.83,1,1,243,56,31,38,18,19,1444,2982,1.07,299,0.19,7
British,0,6.83,2,1,243,56,31,38,18,19,1444,2982,1.07,299,0.19,7
British,0,6.83,3,1,243,56,31,38,18,19,1444,2982,1.07,299,0.19,7
British,0,11.08,1,1,127,39,31,38,18,19,2156,2933,0.36,166,0.23,7
British,0,11.08,2,1,127,39,31,38,18,19,2156,2933,0.36,166,0.23,7
British,0,11.08,3,1,127,39,31,38,18,19,2156,2933,0.36,166,0.23,7
British,0,11.58,1,1,122,40,31,38,18,19,1750,2656,0.52,162,0.25,7
British,0,11.58,2,1,122,40,31,38,18,19,1750,2656,0.52,162,0.25,7
British,0,11.58,3,1,122,40,31,38,18,19,1750,2656,0.52,162,0.25,7
British,1,13.08,1,1,303,55,31,38,18,19,1758,2592,0.47,358,0.15,7
British,1,13.08,2,1,303,55,31,38,18,19,1758,2592,0.47,358,0.15,7
British,1,13.08,3,1,303,55,31,38,18,19,1758,2592,0.47,358,0.15,7
British,0,7.58,1,1,243,56,31,38,18,19,1824,2549,0.4,299,0.19,7
British,0,7.58,2,1,243,56,31,38,18,19,1824,2549,0.4,299,0.19,7
British,0,7.58,3,1,243,56,31,38,18,19,1824,2549,0.4,299,0.19,7
British,0,7.58,0,1,243,56,31,38,18,19,1823,2548,0.4,299,0.19,7
British,0,9.16,1,1,122,40,31,38,18,19,1813,2504,0.38,162,0.25,7
British,0,9.16,2,1,122,40,31,38,18,19,1813,2504,0.38,162,0.25,7
British,0,9.16,3,1,122,40,31,38,18,19,1813,2504,0.38,162,0.25,7
British,0,9.33,1,1,243,36,31,38,18,19,1813,2472,0.36,279,0.13,7
British,0,9.33,2,1,243,36,31,38,18,19,1813,2472,0.36,279,0.13,7
British,0,9.33,3,1,243,36,31,38,18,19,1813,2472,0.36,279,0.13,7
British,0,13.33,1,1,203,24,31,38,18,19,2166,2470,0.14,227,0.11,7
British,0,13.33,2,1,203,24,31,38,18,19,2166,2470,0.14,227,0.11,7
British,0,13.33,3,1,203,24,31,38,18,19,2166,2470,0.14,227,0.11,7
British,0,8.91,2,1,243,36,31,38,18,19,1140,2423,1.13,279,0.13,7
British,0,8.66,1,1,243,36,31,38,18,19,1609,2292,0.42,279,0.13,7
British,0,8.66,2,1,243,36,31,38,18,19,1609,2292,0.42,279,0.13,7
British,0,8.66,3,1,243,36,31,38,18,19,1609,2292,0.42,279,0.13,7
British,0,7.25,1,1,243,36,31,38,18,19,1632,2278,0.4,279,0.13,7
British,0,7.25,2,1,243,36,31,38,18,19,1632,2278,0.4,279,0.13,7
British,0,7.25,3,1,243,36,31,38,18,19,1632,2278,0.4,279,0.13,7
British,0,6.08,1,1,127,39,31,38,18,19,1634,2195,0.34,166,0.23,7
British,0,6.08,2,1,127,39,31,38,18,19,1634,2195,0.34,166,0.23,7
British,0,6.08,3,1,127,39,31,38,18,19,1634,2195,0.34,166,0.23,7
British,0,6.75,1,1,122,40,31,38,18,19,1634,2195,0.34,162,0.25,7
British,0,6.75,2,1,122,40,31,38,18,19,1634,2195,0.34,162,0.25,7
British,0,6.75,3,1,122,40,31,38,18,19,1634,2195,0.34,162,0.25,7
British,0,6.66,1,1,122,40,31,38,18,19,1651,2191,0.33,162,0.25,7
British,0,6.66,2,1,122,40,31,38,18,19,1651,2191,0.33,162,0.25,7
British,0,6.66,3,1,122,40,31,38,18,19,1651,2191,0.33,162,0.25,7
British,0,8.75,1,1,122,40,31,38,18,19,1542,2084,0.35,162,0.25,7
British,0,8.75,2,1,122,40,31,38,18,19,1566,2084,0.33,162,0.25,7
British,0,8.75,3,1,122,40,31,38,18,19,1566,2084,0.33,162,0.25,7
British,0,8.91,1,1,243,36,31,38,18,19,1140,2049,0.8,279,0.13,7
British,0,7.08,1,1,243,36,31,38,18,19,1736,1866,0.07,279,0.13,7
British,0,7.08,2,1,243,36,31,38,18,19,1736,1866,0.07,279,0.13,7
British,0,7.08,3,1,243,36,31,38,18,19,1736,1866,0.07,279,0.13,7
British,0,4.91,1,1,122,40,31,38,18,19,1356,1820,0.34,162,0.25,7
British,0,4.91,2,1,122,40,31,38,18,19,1356,1820,0.34,162,0.25,7
British,0,4.91,3,1,122,40,31,38,18,19,1356,1820,0.34,162,0.25,7
British,0,11.41,1,1,243,36,31,38,18,19,846,1784,1.11,279,0.13,7
British,0,11.41,3,1,243,36,31,38,18,19,846,1784,1.11,279,0.13,7
British,0,11.41,0,1,243,36,31,38,18,19,937,1784,0.91,279,0.13,7
British,0,11.41,2,1,243,36,31,38,18,19,1485,1784,0.2,279,0.13,7
British,0,3.83,0,1,122,40,31,38,18,19,1242,1764,0.42,162,0.25,7
British,0,3.83,1,1,122,40,31,38,18,19,1242,1764,0.42,162,0.25,7
British,0,3.83,2,1,122,40,31,38,18,19,1242,1764,0.42,162,0.25,7
British,0,3.83,3,1,122,40,31,38,18,19,1242,1764,0.42,162,0.25,7
British,1,11.16,2,1,303,55,31,38,18,19,719,1634,1.27,358,0.15,7
British,1,11.16,3,1,303,55,31,38,18,19,719,1634,1.27,358,0.15,7
British,1,11.16,1,1,303,55,31,38,18,19,1198,1634,0.36,358,0.15,7
British,0,8.91,3,1,243,36,31,38,18,19,891,1603,0.8,279,0.13,7
British,0,11.08,0,1,243,36,31,38,18,19,1323,1550,0.17,279,0.13,7
British,0,13.5,1,1,122,40,31,38,18,19,940,1548,0.65,162,0.25,7
British,0,13.5,2,1,122,40,31,38,18,19,940,1548,0.65,162,0.25,7
British,0,13.5,3,1,122,40,31,38,18,19,940,1548,0.65,162,0.25,7
British,0,3.83,0,1,122,40,31,38,18,19,1224,1512,0.24,162,0.25,7
British,0,3.83,1,1,122,40,31,38,18,19,1224,1512,0.24,162,0.25,7
British,0,3.83,2,1,122,40,31,38,18,19,1224,1512,0.24,162,0.25,7
British,0,3.83,3,1,122,40,31,38,18,19,1224,1512,0.24,162,0.25,7
British,0,5.41,1,1,122,40,31,38,18,19,1127,1317,0.17,162,0.25,7
British,0,5.41,2,1,122,40,31,38,18,19,1127,1317,0.17,162,0.25,7
British,0,5.41,3,1,122,40,31,38,18,19,1127,1317,0.17,162,0.25,7
British,0,12.5,1,1,127,39,31,38,18,19,1038,1259,0.21,166,0.23,7
British,0,12.05,2,1,127,39,31,38,18,19,1038,1259,0.21,166,0.23,7
British,0,8.25,1,1,122,40,31,38,18,19,1123,1213,0.08,162,0.25,7
British,0,8.25,2,1,122,40,31,38,18,19,1123,1213,0.08,162,0.25,7
British,0,8.25,3,1,122,40,31,38,18,19,1123,1213,0.08,162,0.25,7
British,0,11.08,1,1,243,36,31,38,18,19,1023,1199,0.17,279,0.13,7
British,0,11.08,2,1,243,36,31,38,18,19,1023,1199,0.17,279,0.13,7
British,0,8.91,1,1,203,24,31,38,18,19,649,1152,0.77,227,0.11,7
British,0,7.08,2,1,243,36,31,38,18,19,757,912,0.21,279,0.13,7
British,0,8.91,2,1,203,24,31,38,18,19,575,853,0.48,227,0.11,7
British,0,8.91,3,1,203,24,31,38,18,19,575,853,0.48,227,0.11,7
British,0,11.08,3,1,243,36,31,38,18,19,533,837,0.57,279,0.13,7
British,0,9.58,1,1,203,24,31,38,18,19,797,826,0.04,227,0.11,7
British,0,12.5,3,1,127,39,31,38,18,19,509,818,0.61,166,0.23,7
British,0,9.58,3,1,203,24,31,38,18,19,524,797,0.52,227,0.11,7
British,0,9.58,2,1,203,24,31,38,18,19,582,797,0.37,227,0.11,7
British,0,12.75,1,1,122,40,31,38,18,19,509,773,0.52,162,0.25,7
British,0,12.75,2,1,122,40,31,38,18,19,509,773,0.52,162,0.25,7
British,0,12.75,3,1,122,40,31,38,18,19,509,773,0.52,162,0.25,7
British,1,4.08,2,1,303,55,31,38,18,19,457,486,0.06,358,0.15,7
British,1,3.58,1,1,303,55,31,38,18,19,402,442,0.1,358,0.15,7
British,1,3.58,2,1,303,55,31,38,18,19,402,442,0.1,358,0.15,7
British,1,2.41,0,1,303,55,31,38,18,19,392,407,0.04,358,0.15,7
British,1,3.25,1,1,303,55,31,38,18,19,356,396,0.11,358,0.15,7
British,1,3.25,2,1,303,55,31,38,18,19,356,396,0.11,358,0.15,7
British,1,3.58,1,1,303,55,31,38,18,19,322,348,0.08,358,0.15,7
British,1,2.66,3,1,303,55,31,38,18,19,297,323,0.09,358,0.15,7
British,1,2.41,1,1,303,55,31,38,18,19,303,319,0.05,358,0.15,7
British,1,2.41,2,1,303,55,31,38,18,19,303,319,0.05,358,0.15,7
British,1,2.41,1,1,303,55,31,38,18,19,276,306,0.11,358,0.15,7
British,1,3.25,3,1,303,55,31,38,18,19,249,285,0.14,358,0.15,7
British,1,1.83,0,1,303,55,31,38,18,19,238,278,0.17,358,0.15,7
British,1,3.58,3,1,303,55,31,38,18,19,238,276,0.16,358,0.15,7
British,1,4.5,1,1,303,55,31,38,18,19,228,263,0.15,358,0.15,7
British,1,2.41,3,1,303,55,31,38,18,19,231,247,0.07,358,0.15,7
British,1,4.5,3,1,303,55,31,38,18,19,203,238,0.17,358,0.15,7
British,1,1.83,1,1,303,55,31,38,18,19,201,237,0.18,358,0.15,7
British,1,2.41,0,1,303,55,31,38,18,19,207,237,0.14,358,0.15,7
British,1,3.58,2,1,303,55,31,38,18,19,207,234,0.13,358,0.15,7
British,1,4.08,1,1,303,55,31,38,18,19,182,211,0.16,358,0.15,7
British,1,2.83,2,1,303,55,31,38,18,19,171,201,0.18,358,0.15,7
British,1,4.5,2,1,303,55,31,38,18,19,168,198,0.18,358,0.15,7
British,1,1.25,0,1,303,55,31,38,18,19,140,175,0.25,358,0.15,7
British,1,4.08,3,1,303,55,31,38,18,19,147,175,0.2,358,0.15,7
British,0,1.25,1,1,303,55,31,38,18,19,137,172,0.26,358,0.15,7
British,1,2.41,2,1,303,55,31,38,18,19,138,165,0.19,358,0.15,7
British,1,1.83,2,1,303,55,31,38,18,19,126,156,0.23,358,0.15,7
British,1,1.83,3,1,303,55,31,38,18,19,126,156,0.23,358,0.15,7
British,1,1.25,1,1,303,55,31,38,18,19,109,141,0.3,358,0.15,7
British,1,1.25,2,1,303,55,31,38,18,19,109,141,0.3,358,0.15,7
British,0,1.25,2,1,303,55,31,38,18,19,109,141,0.3,358,0.15,7
British,1,3.58,3,1,303,55,31,38,18,19,104,131,0.25,358,0.15,7
British,1,2.83,3,1,303,55,31,38,18,19,97,125,0.29,358,0.15,7
British,0,1.33,1,1,303,55,31,38,18,19,77,99,0.29,358,0.15,7
British,0,1.33,2,1,303,55,31,38,18,19,77,99,0.29,358,0.15,7
British,0,1.25,3,1,303,55,31,38,18,19,69,97,0.4,358,0.15,7
British,1,2.41,3,1,312,55,31,38,18,19,74,97,0.31,367,0.15,7
British,0,1.33,3,1,303,55,31,38,18,19,65,86,0.33,358,0.15,7
Delta,1,8.33,1,1,233,38,31,38,18,21,1778,2588,0.46,271,0.14,7
Delta,1,8.33,3,1,233,38,31,38,18,21,1778,2588,0.46,271,0.14,7
Delta,1,9.5,1,1,233,38,31,38,18,21,1999,2765,0.38,271,0.14,7
Delta,1,9.5,2,1,233,38,31,38,18,21,1999,2765,0.38,271,0.14,7
Delta,1,9.5,3,1,233,38,31,38,18,21,1999,2765,0.38,271,0.14,7
Delta,1,8.33,2,1,233,38,31,38,18,21,1985,2588,0.3,271,0.14,7
Delta,0,4.28,2,0,126,18,32,34,17,17,288,327,0.14,144,0.13,2
Delta,0,4.25,3,0,126,18,32,34,17,17,288,327,0.14,144,0.13,2
Delta,0,4.33,1,0,171,29,32,35,18,18,298,337,0.13,200,0.15,3
Delta,0,4.63,1,0,126,18,32,34,17,17,363,407,0.12,144,0.13,2
Delta,0,4.65,2,0,126,18,32,34,17,17,363,407,0.12,144,0.13,2
Delta,0,4.66,3,0,126,18,32,34,17,17,363,407,0.12,144,0.13,2
Delta,0,4.7,0,0,139,21,31,34,17,17,413,457,0.11,160,0.13,3
Delta,0,4.7,2,0,139,21,31,34,17,17,413,457,0.11,160,0.13,3
Delta,0,4.7,3,0,139,21,31,34,17,17,413,457,0.11,160,0.13,3
Delta,0,4.36,2,0,126,18,32,34,17,17,413,457,0.11,144,0.13,2
Delta,0,4.25,3,0,126,18,32,34,17,17,413,457,0.11,144,0.13,2
Delta,0,4.43,3,0,126,18,32,34,17,17,340,379,0.11,144,0.13,2
Delta,0,4.7,1,0,139,21,31,34,17,17,423,467,0.1,160,0.13,3
Delta,0,4.51,1,0,171,29,32,35,18,18,423,467,0.1,200,0.15,3
Delta,0,4.26,1,0,126,18,32,34,17,17,328,362,0.1,144,0.13,2
Delta,0,4.4,2,0,126,18,32,34,17,17,328,362,0.1,144,0.13,2
Delta,0,4.33,0,0,171,29,32,35,18,18,483,527,0.09,200,0.15,3
Delta,0,4.26,0,0,132,26,32,34,17,17,458,497,0.09,158,0.16,2
Delta,0,1.91,3,0,136,20,33,35,17,17,166,181,0.09,156,0.13,2
Delta,1,1.95,2,0,120,18,32,34,17,17,166,181,0.09,138,0.13,2
Delta,0,2.06,1,0,78,20,31,34,18,18,158,173,0.09,98,0.2,3
Delta,1,2.26,2,0,120,18,32,34,17,17,329,354,0.08,138,0.13,2
Delta,1,2.55,3,0,136,20,33,35,17,17,243,262,0.08,156,0.13,2
Delta,0,2.55,1,0,136,20,33,35,17,17,243,262,0.08,156,0.13,2
Delta,0,2.33,2,0,78,20,31,34,18,18,189,204,0.08,98,0.2,3
Delta,0,4.63,0,0,126,18,32,34,17,17,626,670,0.07,144,0.13,2
Delta,0,2.86,1,0,136,20,33,35,17,17,354,378,0.07,156,0.13,2
Delta,0,2.06,0,0,78,20,31,34,18,18,228,243,0.07,98,0.2,3
Delta,0,2.01,3,0,78,20,31,34,18,18,222,237,0.07,98,0.2,3
Delta,0,2.33,3,0,78,20,31,34,18,18,216,231,0.07,98,0.2,3
Delta,0,4.51,0,0,171,29,32,35,18,18,713,757,0.06,200,0.15,3
Delta,1,1.81,2,0,120,18,32,34,17,17,293,308,0.05,138,0.13,2
Delta,1,1.83,3,0,120,18,32,34,17,17,293,308,0.05,138,0.13,2
Delta,0,1.57,1,0,126,18,32,34,17,17,293,308,0.05,144,0.13,2
Delta,0,2.5,0,0,136,20,33,35,17,17,636,660,0.04,156,0.13,2
Delta,1,1.8,3,0,120,18,32,34,17,17,416,431,0.04,138,0.13,2
Delta,0,1.75,0,0,78,20,31,34,18,18,391,406,0.04,98,0.2,3
Delta,0,1.57,0,0,126,18,32,34,17,17,349,364,0.04,144,0.13,2
Delta,0,2.3,1,0,78,20,31,34,18,18,349,364,0.04,98,0.2,3
Delta,0,2.3,0,0,78,20,31,34,18,18,581,596,0.03,98,0.2,3
Jet,0,3.25,1,1,124,16,30,40,17,21,167,483,1.89,140,0.11,10
Jet,0,3.25,2,1,124,16,30,40,17,21,167,483,1.89,140,0.11,10
Jet,0,3.25,3,1,124,16,30,40,17,21,167,483,1.89,140,0.11,10
Jet,0,3.25,0,1,124,16,30,40,17,21,139,398,1.87,140,0.11,10
Jet,0,5.66,1,1,162,8,30,40,17,21,201,545,1.71,170,0.05,10
Jet,0,3.16,0,1,162,8,30,40,17,21,148,397,1.68,170,0.05,10
Jet,0,3.16,3,1,162,8,30,40,17,21,148,397,1.68,170,0.05,10
Jet,0,3.25,3,1,124,16,30,40,17,21,149,398,1.67,140,0.11,10
Jet,0,4.16,0,1,124,16,30,40,17,21,197,520,1.64,140,0.11,10
Jet,0,4.16,3,1,124,16,30,40,17,21,211,534,1.53,140,0.11,10
Jet,1,9.5,3,1,147,21,32,38,18,19,336,841,1.5,168,0.13,6
Jet,0,5.66,0,1,162,8,30,40,17,21,187,430,1.3,170,0.05,10
Jet,0,5.66,1,1,162,8,30,40,17,21,187,430,1.3,170,0.05,10
Jet,0,5.66,2,1,162,8,30,40,17,21,187,430,1.3,170,0.05,10
Jet,0,5.66,3,1,162,8,30,40,17,21,187,430,1.3,170,0.05,10
Jet,0,4.08,1,1,124,16,30,40,17,21,139,318,1.29,140,0.11,10
Jet,0,4.25,1,1,17,21,30,40,17,21,156,354,1.27,38,0.55,10
Jet,0,4.25,2,1,17,21,30,40,17,21,156,354,1.27,38,0.55,10
Jet,0,4.25,3,1,17,21,30,40,17,21,156,354,1.27,38,0.55,10
Jet,0,2.5,0,1,124,16,30,40,17,21,118,267,1.26,140,0.11,10
Jet,0,2.5,2,1,124,16,30,40,17,21,118,267,1.26,140,0.11,10
Jet,0,2.5,3,1,124,16,30,40,17,21,118,267,1.26,140,0.11,10
Jet,0,5.66,0,1,162,8,30,40,17,21,245,545,1.22,170,0.05,10
Jet,0,2.66,0,1,124,16,30,40,17,21,108,228,1.11,140,0.11,10
Jet,0,2.66,2,1,124,16,30,40,17,21,108,228,1.11,140,0.11,10
Jet,0,2.66,3,1,124,16,30,40,17,21,108,228,1.11,140,0.11,10
Jet,0,4.16,1,1,124,16,30,40,17,21,297,620,1.09,140,0.11,10
Jet,0,3.16,1,1,162,8,30,40,17,21,234,483,1.07,170,0.05,10
Jet,0,3.25,1,1,124,16,30,40,17,21,234,483,1.06,140,0.11,10
Jet,0,4.08,2,1,124,16,30,40,17,21,156,318,1.04,140,0.11,10
Jet,0,4.16,3,1,124,16,30,40,17,21,156,318,1.04,140,0.11,10
Jet,1,9.5,1,1,147,21,32,38,18,19,429,841,0.96,168,0.13,6
Jet,0,4.16,2,1,124,16,30,40,17,21,324,620,0.91,140,0.11,10
Jet,1,9.5,0,1,147,21,32,38,18,19,462,841,0.82,168,0.13,6
Jet,0,2.5,1,1,124,16,30,40,17,21,147,267,0.81,140,0.11,10
Jet,0,2.66,1,1,124,16,30,40,17,21,127,228,0.79,140,0.11,10
Jet,0,2.58,1,1,162,8,30,40,17,21,172,304,0.77,170,0.05,10
Jet,0,2.58,2,1,162,8,30,40,17,21,172,304,0.77,170,0.05,10
Jet,0,2.58,3,1,162,8,30,40,17,21,172,304,0.77,170,0.05,10
Jet,0,4.33,0,1,124,16,30,40,17,21,154,267,0.74,140,0.11,10
Jet,0,4.33,1,1,124,16,30,40,17,21,154,267,0.74,140,0.11,10
Jet,0,4.33,2,1,124,16,30,40,17,21,154,267,0.74,140,0.11,10
Jet,0,4.33,3,1,124,16,30,40,17,21,154,267,0.74,140,0.11,10
Jet,0,3.16,2,1,162,8,30,40,17,21,293,483,0.65,170,0.05,10
Jet,0,4.25,0,1,17,21,30,40,17,21,215,354,0.65,38,0.55,10
Jet,0,2.58,0,1,162,8,30,40,17,21,281,451,0.6,170,0.05,10
Jet,0,2.58,3,1,162,8,30,40,17,21,295,464,0.58,170,0.05,10
Jet,0,3.25,2,1,124,16,30,40,17,21,322,483,0.5,140,0.11,10
Jet,0,3.08,0,1,138,28,30,40,17,21,354,524,0.48,166,0.17,10
Jet,0,3.08,1,1,138,28,30,40,17,21,354,524,0.48,166,0.17,10
Jet,0,3.08,2,1,138,28,30,40,17,21,354,524,0.48,166,0.17,10
Jet,0,3.08,3,1,138,28,30,40,17,21,354,524,0.48,166,0.17,10
Jet,0,2.58,1,1,162,8,30,40,17,21,380,550,0.45,170,0.05,10
Jet,0,2.58,2,1,162,8,30,40,17,21,380,550,0.45,170,0.05,10
Jet,1,8.91,2,1,147,21,32,38,18,19,557,789,0.42,168,0.13,6
Jet,1,8.91,3,1,147,21,32,38,18,19,557,789,0.42,168,0.13,6
Jet,1,9.5,2,1,147,21,32,38,18,19,661,928,0.4,168,0.13,6
Jet,1,8.91,1,1,147,21,32,38,18,19,676,931,0.38,168,0.13,6
Jet,0,3.25,0,1,162,8,30,40,17,21,505,696,0.38,170,0.05,10
Jet,0,3.08,1,1,138,28,30,40,17,21,464,616,0.33,166,0.17,10
Jet,0,3.08,2,1,138,28,30,40,17,21,464,616,0.33,166,0.17,10
Jet,0,3.08,3,1,138,28,30,40,17,21,464,616,0.33,166,0.17,10
Jet,0,3.08,0,1,138,28,30,40,17,21,489,616,0.26,166,0.17,10
Jet,0,3.25,0,1,124,16,30,40,17,21,594,696,0.17,140,0.11,10
Jet,0,2.58,0,1,162,8,30,40,17,21,510,569,0.12,170,0.05,10
Singapore,0,13.91,1,1,184,28,32,38,19,20,794,1671,1.11,212,0.13,6
Singapore,1,13.33,0,1,333,36,32,38,19,20,505,1004,0.99,369,0.1,6
Singapore,1,13.33,1,1,333,36,32,38,19,20,505,1004,0.99,369,0.1,6
Singapore,1,13.33,2,1,333,36,32,38,19,20,505,1004,0.99,369,0.1,6
Singapore,1,13.33,3,1,333,36,32,38,19,20,505,1004,0.99,369,0.1,6
Singapore,1,6.16,0,1,333,36,32,38,19,20,505,1004,0.99,369,0.1,6
Singapore,1,6.16,1,1,333,36,32,38,19,20,505,1004,0.99,369,0.1,6
Singapore,1,6.16,2,1,333,36,32,38,19,20,505,1004,0.99,369,0.1,6
Singapore,1,6.16,3,1,333,36,32,38,19,20,505,1004,0.99,369,0.1,6
Singapore,0,13.91,2,1,184,28,32,38,19,20,794,1452,0.83,212,0.13,6
Singapore,0,13.91,3,1,184,28,32,38,19,20,794,1452,0.83,212,0.13,6
Singapore,0,13.91,0,1,184,28,32,38,19,20,794,1408,0.77,212,0.13,6
Singapore,1,12.66,0,1,333,36,32,38,19,20,690,1110,0.61,369,0.1,6
Singapore,1,12.66,1,1,333,36,32,38,19,20,690,1110,0.61,369,0.1,6
Singapore,1,12.66,2,1,333,36,32,38,19,20,690,1110,0.61,369,0.1,6
Singapore,1,12.66,3,1,333,36,32,38,19,20,690,1110,0.61,369,0.1,6
Singapore,1,6.5,0,1,333,36,32,38,19,20,690,1110,0.61,369,0.1,6
Singapore,1,6.5,1,1,333,36,32,38,19,20,690,1110,0.61,369,0.1,6
Singapore,1,6.5,2,1,333,36,32,38,19,20,690,1110,0.61,369,0.1,6
Singapore,1,6.5,3,1,333,36,32,38,19,20,690,1110,0.61,369,0.1,6
Singapore,0,12.41,1,1,184,28,32,38,19,20,1215,1947,0.6,212,0.13,6
Singapore,0,12.41,2,1,184,28,32,38,19,20,1215,1947,0.6,212,0.13,6
Singapore,0,12.41,3,1,184,28,32,38,19,20,1215,1947,0.6,212,0.13,6
Singapore,0,10.83,0,1,184,28,32,38,19,20,876,1356,0.55,212,0.13,6
Singapore,0,10.83,1,1,184,28,32,38,19,20,609,900,0.48,212,0.13,6
Singapore,0,10.83,2,1,184,28,32,38,19,20,609,900,0.48,212,0.13,6
Singapore,0,14.66,1,1,184,28,32,38,19,20,1406,1584,0.13,212,0.13,6
Singapore,0,14.66,2,1,184,28,32,38,19,20,1406,1584,0.13,212,0.13,6
Singapore,0,14.66,3,1,184,28,32,38,19,20,1406,1584,0.13,212,0.13,6
Singapore,0,9.66,1,1,184,28,32,38,19,20,1247,1407,0.13,212,0.13,6
Singapore,0,9.66,2,1,184,28,32,38,19,20,1247,1407,0.13,212,0.13,6
Singapore,0,9.66,3,1,184,28,32,38,19,20,1247,1407,0.13,212,0.13,6
Singapore,0,3.83,0,1,184,28,32,38,19,20,563,619,0.1,212,0.13,6
Singapore,0,3.83,1,1,184,28,32,38,19,20,563,619,0.1,212,0.13,6
Singapore,0,3.83,2,1,184,28,32,38,19,20,563,619,0.1,212,0.13,6
Singapore,0,3.83,3,1,184,28,32,38,19,20,563,619,0.1,212,0.13,6
Singapore,0,12.75,1,1,184,28,32,38,19,20,1431,1564,0.09,212,0.13,6
Singapore,0,12.75,2,1,184,28,32,38,19,20,1431,1564,0.09,212,0.13,6
Singapore,0,12.75,3,1,184,28,32,38,19,20,1431,1564,0.09,212,0.13,6
Singapore,0,12.75,0,1,184,28,32,38,19,20,1431,1564,0.09,212,0.13,6
Virgin,0,11.25,0,1,198,35,31,38,18,21,574,1619,1.82,233,0.15,7
Virgin,0,11.25,1,1,198,35,31,38,18,21,574,1619,1.82,233,0.15,7
Virgin,0,11.25,2,1,198,35,31,38,18,21,574,1619,1.82,233,0.15,7
Virgin,0,11.25,3,1,198,35,31,38,18,21,574,1619,1.82,233,0.15,7
Virgin,0,12.08,1,1,198,35,31,38,18,21,1086,2964,1.73,233,0.15,7
Virgin,0,12.08,2,1,198,35,31,38,18,21,1086,2964,1.73,233,0.15,7
Virgin,0,12.08,3,1,198,35,31,38,18,21,1086,2964,1.73,233,0.15,7
Virgin,0,12.08,0,1,198,35,31,38,18,21,1247,2964,1.38,233,0.15,7
Virgin,1,6.91,0,1,233,38,31,38,18,21,1434,2982,1.08,271,0.14,7
Virgin,1,6.91,1,1,233,38,31,38,18,21,1434,2982,1.08,271,0.14,7
Virgin,1,6.91,2,1,233,38,31,38,18,21,1434,2982,1.08,271,0.14,7
Virgin,1,6.91,3,1,233,38,31,38,18,21,1434,2982,1.08,271,0.14,7
Virgin,1,6.58,0,1,233,38,31,38,18,21,1476,2997,1.03,271,0.14,7
Virgin,1,6.58,1,1,233,38,31,38,18,21,1476,2997,1.03,271,0.14,7
Virgin,1,6.58,2,1,233,38,31,38,18,21,1476,2997,1.03,271,0.14,7
Virgin,1,6.58,3,1,233,38,31,38,18,21,1476,2997,1.03,271,0.14,7
Virgin,0,9.91,0,1,375,66,31,38,18,21,1781,3509,0.97,441,0.15,7
Virgin,0,9.91,1,1,375,66,31,38,18,21,1781,3509,0.97,441,0.15,7
Virgin,0,9.91,2,1,375,66,31,38,18,21,1781,3509,0.97,441,0.15,7
Virgin,0,9.91,3,1,375,66,31,38,18,21,1781,3509,0.97,441,0.15,7
Virgin,0,10.83,0,1,198,35,31,38,18,21,1580,3019,0.91,233,0.15,7
Virgin,0,10.83,1,1,198,35,31,38,18,21,1580,3019,0.91,233,0.15,7
Virgin,0,10.83,2,1,198,35,31,38,18,21,1580,3019,0.91,233,0.15,7
Virgin,0,10.83,3,1,198,35,31,38,18,21,1580,3019,0.91,233,0.15,7
Virgin,1,10.41,0,1,233,38,31,38,18,21,1903,3509,0.84,271,0.14,7
Virgin,1,10.41,1,1,233,38,31,38,18,21,1903,3509,0.84,271,0.14,7
Virgin,1,10.41,2,1,233,38,31,38,18,21,1903,3509,0.84,271,0.14,7
Virgin,0,10.41,3,1,198,35,31,38,18,21,1903,3509,0.84,233,0.15,7
Virgin,1,8,0,1,185,48,31,38,18,21,1813,3128,0.73,233,0.21,7
Virgin,1,8,1,1,185,48,31,38,18,21,1813,3128,0.73,233,0.21,7
Virgin,1,8,2,1,185,48,31,38,18,21,1813,3128,0.73,233,0.21,7
Virgin,1,8,3,1,185,48,31,38,18,21,1813,3128,0.73,233,0.21,7
Virgin,0,12.58,1,1,198,35,31,38,18,21,1096,1710,0.56,233,0.15,7
Virgin,0,10.75,0,1,375,66,31,38,18,21,2445,3694,0.51,441,0.15,7
Virgin,0,10.75,1,1,375,66,31,38,18,21,2445,3694,0.51,441,0.15,7
Virgin,0,10.75,2,1,375,66,31,38,18,21,2445,3694,0.51,441,0.15,7
Virgin,0,10.75,3,1,375,66,31,38,18,21,2445,3694,0.51,441,0.15,7
Virgin,0,12.58,3,1,198,35,31,38,18,21,975,1465,0.5,233,0.15,7
Virgin,1,11.33,1,1,233,38,31,38,18,21,2369,3540,0.49,271,0.14,7
Virgin,1,11.33,2,1,233,38,31,38,18,21,2369,3540,0.49,271,0.14,7
Virgin,0,11.33,3,1,198,35,31,38,18,21,2369,3540,0.49,233,0.15,7
Virgin,1,7.41,0,1,233,38,31,38,18,21,1767,2499,0.41,271,0.14,7
Virgin,1,7.41,1,1,233,38,31,38,18,21,1767,2499,0.41,271,0.14,7
Virgin,1,7.41,2,1,233,38,31,38,18,21,1767,2499,0.41,271,0.14,7
Virgin,1,7.41,3,1,233,38,31,38,18,21,1767,2499,0.41,271,0.14,7
Virgin,0,7.66,0,1,198,35,31,38,18,21,1811,2531,0.4,233,0.15,7
Virgin,0,7.66,1,1,198,35,31,38,18,21,1811,2531,0.4,233,0.15,7
Virgin,0,7.66,2,1,198,35,31,38,18,21,1811,2531,0.4,233,0.15,7
Virgin,0,7.66,3,1,198,35,31,38,18,21,1811,2531,0.4,233,0.15,7
Virgin,1,8.83,0,1,185,48,31,38,18,21,2052,2856,0.39,233,0.21,7
Virgin,1,8.83,1,1,185,48,31,38,18,21,2052,2856,0.39,233,0.21,7
Virgin,1,8.83,2,1,185,48,31,38,18,21,2052,2856,0.39,233,0.21,7
Virgin,1,8.83,3,1,185,48,31,38,18,21,2052,2856,0.39,233,0.21,7
Virgin,1,7.08,0,1,233,38,31,38,18,21,1919,2409,0.26,271,0.14,7
Virgin,1,7.08,1,1,185,48,31,38,18,21,1919,2409,0.26,233,0.21,7
Virgin,1,7.08,2,1,185,48,31,38,18,21,1919,2409,0.26,233,0.21,7
Virgin,1,7.08,3,1,185,48,31,38,18,21,1919,2409,0.26,233,0.21,7
Virgin,0,12.58,2,1,198,35,31,38,18,21,1356,1710,0.26,233,0.15,7
Virgin,1,7.75,0,1,233,38,31,38,18,21,540,594,0.1,271,0.14,7
Virgin,1,7.75,1,1,185,48,31,38,18,21,540,594,0.1,233,0.21,7
Virgin,1,7.75,2,1,233,38,31,38,18,21,540,594,0.1,271,0.14,7
Virgin,1,7.75,3,1,233,38,31,38,18,21,540,594,0.1,271,0.14,7
